Référence;Domaine;Sous-fonction;Intitulé;Description (Tableau 5);Classe C;Classe B;Classe A
1.1.2;1. Régulation du chauffage;1.1 Régulation de l'émission;Régulation individuelle par pièce;L’interconnexion de de la régulation terminale avec le système de GTB est intéressant à étudier mais n’est pas imposée par le décret BACS. Le surcoût de cette mise en communication n’est pas à prendre en compte dans le calcul du TRI.;OUI;;
1.2.1;1. Régulation du chauffage;Régulation de l’émission pour système thermo-actif (mode de chauffage);Régulation centrale automatique;La régulation centrale automatique pour une zone de système thermo-actif (qui comprend toutes les pièces qui bénéficient de la même température d’eau distribuée) est en général une boucle de régulation de température d’eau distribuée dont le point de consigne dépend de la température extérieure filtrée, par exemple la moyenne des 24 heures précédentes.;OUI;;
1.3.1;1. Régulation du chauffage;1.3 Régulation de la température de l'eau chaude du réseau de distribution (en départ ou en retour);Régulation en Fonction de la température extérieure;La température distribuée dépend de la température extérieure et la température de distribution est régulée en fonction d’une loi d’eau linéaire.;OUI;;
1.4.1;1. Régulation du chauffage;1.4 Régulation des pompes de distribution du réseau;Commande de mise en marche/arrêt;Les pompes sont arrêtées en absence de besoin de chauffage pour réduire la demande en énergie auxiliaire des pompes. Cependant elles peuvent fonctionner sans régulation de vitesse à leur point de fonctionnement nominal.;OUI;;
1.4.a.3;1. Régulation du chauffage;1.4.a Equilibrage hydronique du système de distribution de chaleur (y compris équilibrage du côté de l'émission);Equilibrage statique de chaque émetteur et dynamique du groupe;Un équilibrage dynamique est mis en œuvre par départs, colonnes et antennes (par exemple avec des régulateurs de pression différentielle).;OUI;;
1.5.1;1. Régulation du chauffage;1.5 Régulation intermittente de l’émission et/ou de la distribution;Régulation automatique avec programme fixe;La régulation terminale (de l’émission) et/ou de la distribution intègre une programmation selon un pas minimum horaire. Le système permet la programmation selon, au moins, les quatre allures suivantes : « confort », « réduit », « hors gel » et « arrêt ». Il permet une commutation automatique entre l'ensemble de ces allures. Les programmes horaires seront paramétrés pour correspondre aux usages de la pièce et/ou de la zone;OUI;;
1.6.1;1. Régulation du chauffage;1.6 Commande de générateurs de chaleur (combustion et chauffage urbain);Régulation de température variable en Fonction de la température extérieure;Régulation des températures de départ des réseaux de distribution en fonction de lois d’eau sur la base de la température extérieure.;OUI;;
1.7.1;1. Régulation du chauffage;1.7 Régulation des générateurs de chaleur (pompe à chaleur);Régulation de température variable en Fonction de la température extérieure;Régulation de la température du départ du générateur ou des températures de départ des réseaux de distribution en fonction de lois d’eau sur la base de la température extérieure.;OUI;;
1.8.1;1. Régulation du chauffage;1.8 Régulation des générateurs de chaleur (unité extérieure);Régulation à plusieurs niveaux (paliers) du générateur de chaleur;Régulation multi-niveaux (par paliers) de la capacité des générateurs de chaleur en Fonction de la charge ou de la demande (par exemple marche/arrêt de plusieurs compresseurs);;OUI;
1.9.1;1. Régulation du chauffage;1.9 Ordre de priorité des différents générateurs de chaleur;Régulation basée sur une liste fixe des priorités;Cela peut, par exemple, être une pompe à chaleur avant une chaudière à eau chaude.;OUI;;
1.10.1;1. Régulation du chauffage;1.10 Régulation du Fonctionnement du stockage de l’énergie thermique (TES);Régulation du stockage au moyen de 2 capteurs;Régulation du stockage au moyen de 2 capteurs. Le stockage d’énergie est régulé sur la base d’un capteur de température en partie haute du ballon et d’un capteur de milieu de ballon. L’échelonnement des capteurs permet de connaitre le niveau de charge du ballon. Sur la base de cette information, il est possible de commuter les générateurs moins fréquemment et d'obtenir ain;;OUI;
2.1.1;2. Régulation de l’alimentation en eau chaude sanitaire;2.1 Régulation du stockage de l’eau chaude sanitaire avec chauffage électrique direct ou pompe à chaleur électrique intégrée;Commande automatique de mise en marche/arrêt et programmation du temps de charge;Le préparateur d’eau chaude sanitaire sera piloté afin de ne réaliser qu’une seule chauffe entre deux périodes d’utilisation. La température d’ECS du préparateur devra avoir atteint sa température de consigne au début de la période d’utilisation. La programmation devra donc tenir compte du temps de charge. La charge permanente du préparateur ECS ainsi que la charge sur simple contact jour/nuit ne sont pas acceptées.;OUI;;
2.2.1;2. Régulation de l’alimentation en eau chaude sanitaire;2.2 Régulation du stockage de l’eau chaude sanitaire en utilisant un générateur d’eau chaude;Commande automatique de mise en marche/arrêt et programmation du temps de charge;Les préparateurs d’eau chaude sanitaire seront pilotés afin de ne réaliser qu’une seule chauffe entre deux périodes d’utilisation. Les préparateurs devront être à température au début de la période d’utilisation. La programmation devra donc tenir compte du temps de charge. La charge permanente du préparateur ECS, régulé avec un thermostat, n’est pas acceptée.;OUI;;
2.3.1;2. Régulation de l’alimentation en eau chaude sanitaire;2.3 Régulation du stockage de l’eau chaude sanitaire avec collecteur d’énergie solaire et génération de chaleur supplémentaire;Régulation automatique du stockage de l’énergie solaire (Priorité 1) et stockage supplémentaire (Priorité 2);La conception de l’installation et la régulation du stockage de l’eau chaude sanitaire produite à partir d’énergie solaire devra donner la priorité à la production solaire. Le pilotage de l’appoint ne devra pas neutraliser la production d’énergie solaire.;OUI;;
2.4.1;2. Régulation de l’alimentation en eau chaude sanitaire;2.4 Commande de la pompe de circulation d'’eau chaude sanitaire;Avec programmation;Il est fait référence ici aux pompes de charge de production et non aux pompes de bouclage. Les pompes de charge ECS ne devront fonctionner qu’en cas de production d’ECS ou de charge du stockage, et non en permanence.;;OUI;OUI
3.1.2;3. Régulation du refroidissement;"3.1 Régulation de l’émission  La Fonction de régulation est appliquée au niveau des émetteurs (panneau de refroidissement, ventilo- convecteur ou unité intérieure) ou des pièces; pour le type 1, une seule Fonction peut réguler plusieurs pièces";Régulation modulante individuelle par pièce;La puissance fournie dépend de la température ambiante (= grandeur réglée). Elle tient compte également des apports de chaleur dans la pièce (rayonnement solaire, personnes, animaux, équipements techniques). Le confort ambiant peut être maintenu pour satisfaire aux différents besoins. Les vannes thermostatiques ne sont généralement pas utilisées pour la climatisation.;OUI;;
3.2.1;3. Régulation du refroidissement;3.2 Régulation de l’émission pour système thermo-actif (mode de refroidissement);Régulation centrale automatique;La régulation centrale automatique pour une zone de système thermo-actif (qui comprend toutes les pièces qui bénéficient de la même température d’eau distribuée) est en général une boucle de régulation de température d’eau distribuée, dont le point de consigne dépend de la température extérieure filtrée, par exemple la moyenne des 24 heures précédentes.;OUI;;
3.3.1;3. Régulation du refroidissement;3.3 Régulation de la température de l’eau réfrigérée du réseau de distribution (en départ ou en retour) Une Fonction similaire peut être appliquée à la régulation d’un refroidissement électrique direct (par exemple, des unités de refroidissement compactes, des unités séparées) pour les pièces individuelles;Régulation en fonction de la température extérieure;La température distribuée dépend de la température extérieure. La consigne de température de départ est régulée via une loi d’eau linéaire sur la base de la température extérieure (ex : régime d’eau glacée variant progressivement de 15°C-20°C à 7-12°C). La distribution à température constante (7°C – 12°C toute l’année) ainsi que la distribution à température variable par paliers (15°C – 20°C en intersaison et 7°C – 12°C en période estivale) sont interdites.;OUI;;
3.4.1;3. Régulation du refroidissement;3.4 Régulation des pompes de distribution du réseau Les pompes régulées peuvent être installées à différents niveaux dans le réseau;Commande de mise en marche/arrêt;Les pompes sont arrêtées en absence de besoin de rafraîchissement pour réduire la demande en énergie auxiliaire des pompes. Cependant elles peuvent fonctionner sans régulation de vitesse à leur point de fonctionnement nominal.;OUI;;
3.4.a.3;3. Régulation du refroidissement;3.4.a Équilibrage hydronique du système de distribution de froid (y compris la contribution à l’équilibrage du côté de l’émission);Équilibrage statique de chaque émetteur et équilibrage dynamique du groupe;Un équilibrage dynamique est mis en œuvre par départs, colonnes et antennes (par exemple avec des régulateurs de pression différentielle).;OUI;;
3.5.1;3. Régulation du refroidissement;3.5 Régulation par intermittence de l’émission et/ou de la distribution Un seul régulateur peut réguler plusieurs pièces/zones ayant les mêmes profils d’occupation;Régulation automatique avec programme fixe;La régulation terminale (de l’émission) et/ou de la distribution intègre une programmation selon un pas minimum horaire. Le système permet la programmation selon, au moins, les trois allures suivantes : « confort », « réduit » et « arrêt ». Il permet une commutation automatique entre l'ensemble de ces allures. Les programmes horaires seront paramétrés pour correspondre aux usages de la pièce et/ou de la zone;OUI;;
3.6.1;3. Régulation du refroidissement;3.6 Asservissement entre la régulation du chauffage et celle du refroidissement pour l’émission et/ou la distribution;Asservissement partiel (en Fonction du système de chauffage, de ventilation et de climatisation (CVC));Asservissement partiel (en Fonction du système de chauffage, de ventilation et de climatisation (CVC)): la Fonction de régulation est établie de manière à réduire le plus possible la possibilité d’un chauffage et d'un refroidissement simultanés. En général, cet asservissement est obtenu en définissant un point de consigne variable pour la température d’alimentation du système à commande centrale. La fonction de régulation est établie de manière à réduire le plus possible la possibilité d’un chauffage et d’un refroidissement simultanés. Dans le cas d’un système commun de régulation, cet asservissement est obtenu en définissant une plage neutre entre les points de consignes de chaud et de froid. Dans le cas de systèmes différenciés, cet asservissement est obtenu en définissant un mode chauffage et un mode rafraîchissement. Les deux modes ne pouvant pas cohabiter simultanément sur la même pièce ou la même zone.;;OUI;
3.7.1;3. Régulation du refroidissement;3.7 Régulation de générateurs de froid Le but recherché est en général d’augmenter le plus possible la température du départ d’eau réfrigérée;Régulation de température variable en Fonction de la température extérieure;La température de production dépend de la température extérieure. La consigne de température de production est régulée via une loi d’eau linéaire sur la base de la température extérieure (ex : régime d’eau glacée variant progressivement de 15°C-20°C à 7-12°C). La génération à température constante (7°C – 12°C toute l’année) ainsi que la génération à température variable par paliers (15°C – 20°C en intersaison et 7°C – 12°C en période estivale) sont interdites.;;OUI;
3.8.1;3. Régulation du refroidissement;3.8 Ordre de priorité des générateurs de froid;Ordre de priorité fixe uniquement basé sur les charges;Cela est défini en fonction des caractéristiques des générateurs, par exemple un refroidisseur à absorption par rapport à un refroidisseur centrifuge.;OUI;;
3.9.1;3. Régulation du refroidissement;3.9 Régulation du stockage de l'énergie thermique (TES, Thermal Energy Storage);Le stockage programmé;Le stockage programmé du ballon consiste à charger un ballon de stockage d’énergie frigorifique en fonction de la charge de celui-ci. Deux capteurs de température a minima, un en partie haute et l’autre en partie inférieure permettent de connaitre la charge du ballon. La charge du ballon est enclenchée quand la température en partie inférieure dépasse le seuil de température limite. Cela évite de maintenir l’ensemble du volume stocké à la température de production ce qui entraîne des déperditions du stockage moindre. Cela permet également des démarrages des compresseurs moins fréquents et d'obtenir ainsi un fonctionnement plus efficace en faisant fonctionner les compresseurs à leur meilleur taux de charge.;OUI;;
4.1.1;4. Régulation de la ventilation et de la climatisation;4.1 Régulation de l’alimentation en air au niveau de la pièce;Régulation programmée;Régulation programmée: le système Fonctionne conformément à un calendrier et des horaires donnés;;OUI;
4.1.2;4. Régulation de la ventilation et de la climatisation;4.1 Régulation de l’alimentation en air au niveau de la pièce;Régulation basée sur l’occupation;Régulation basée sur l'occupation: le système Fonctionne en Fonction de l'occupation (présence, interrupteur d'éclairage,, capteurs à infrarouges, etc.);;OUI;
4.2.1;4. Régulation de la ventilation et de la climatisation;4.2 Régulation de la température de l'air ambiant (systèmes tout air);Régulation continue;"Le débit d’air ou la température d’alimentation en air au niveau de la pièce peut être changé en continu ; les points de consigne de température ambiante sont fixés individuellement. La régulation programmée uniquement suffit à atteindre la classe B.";OUI;;
4.3.1;4. Régulation de la ventilation et de la climatisation;4.3 Régulation de la température de l'air ambiant (systèmes air-eau combinés);Avec coordination;L’interaction est coordonnée, c’est-à-dire qu’un seul système est commandé par un régulateur en boucle fermée pour la température de l’air ambiant et que l’autre système climatise la pièce jusqu’à un niveau qui permet au régulateur en boucle fermée de bénéficier des apports thermiques internes et externes La régulation du système statique (par exemple les radiateurs) et celle du système de ventilation devront être coordonnées. Cet asservissement est obtenu en définissant un mode chauffage et un mode rafraîchissement. Les deux modes ne pouvant pas cohabiter sur la même pièce ou la même zone. Une plage neutre entre les points de consignes de chaud et de froid sera également défini entre ces deux modes. Cette coordination ne peut pas reposer uniquement sur la cohérence des points de consignes.;;OUI;OUI
4.4.0;4. Régulation de la ventilation et de la climatisation;4.4 Régulation du débit d’air extérieur;Rapport ou débit d’air extérieur fixe;Le système fonctionne selon un rapport d’air extérieur donné, par exemple modifié manuellement.;OUI;;
4.5.1;4. Régulation de la ventilation et de la climatisation;4.5 Régulation du débit ou de la pression d’air au niveau de la centrale de traitement d’'air;Programmation des heures de mise en marche/arrêt;Fournit en continu un débit d’air pour une charge maximale pour toutes les pièces au cours d’un temps d’occupation nominal.;OUI;;
4.6.1;4. Régulation de la ventilation et de la climatisation;4.6 Régulation de la récupération de chaleur: protection contre le gel;Avec protection contre le gel;Avec protection contre le gel: une boucle de régulation permet de garantir que la température de l’air extrait de l’échangeur de chaleur n’est pas trop basse afin d’'éviter un gel;;OUI;OUI
4.7.1;4. Régulation de la ventilation et de la climatisation;4.7 Régulation de la récupération de chaleur: prévention des surchauffes;Avec régulation des surchauffes;Avec régulation de surchauffe: au cours des périodes où l’effet de l’échangeur de chaleur sera plus positif, une boucle de récupération basculera entre les états « arrêt », « modulation » ou contournement de l’échangeur de chaleur. Au cours des périodes où l’effet de l’échangeur de chaleur ne sera plus positif, une boucle de régulation basculera entre les états « arrêt », « modulation » ou contournement de l’échangeur de chaleur.;;OUI;OUI
4.8.1;4. Régulation de la ventilation et de la climatisation;4.8 Refroidissement mécanique naturel;Refroidissement nocturne;"La quantité d’air extérieur est établie à sa valeur maximale au cours de la période prévue de non-occupation si : • La température ambiante dépasse le point de consigne pour la période de confort ; • La différence entre la température ambiante et la température extérieure est suffisante.";OUI;;
4.9.1;4. Régulation de la ventilation et de la climatisation;4.9 Régulation de la température de l’air introduit;Point de consigne constant;Une boucle de régulation permet de réguler la température de l’air introduit. Le point de consigne est constant et ne peut être modifié que par une action manuelle.;OUI;;
4.10.1;4. Régulation de la ventilation et de la climatisation;4.10 Régulation de l’humidité;Régulation en fonction du point de rosée;L’humidité de l’air introduit ou de l’air ambiant est exprimée à l’aide de la température du point de rosée et du réchauffement de l’air introduit afin d’amener l’humidité relative jusqu’au point de consigne.;OUI;;
5.1.1;5. Commande de l’éclairage;5.1 Commande basée sur l’occupation;Interrupteur manuel de mise en marche/arrêt + signal supplémentaire d'extinction;Les luminaires sont éteints et allumés avec un interrupteur manuel dans la pièce. De plus, un signal automatique éteint automatiquement les lumières au moins une fois par jour, habituellement le soir pour éviter un fonctionnement inutile au cours de la nuit.;OUI;;
5.2.1;5. Commande de l’éclairage;5.2 Régulation de l’intensité lumineuse/de la lumière naturelle;Manuelle ou manuelle centralisée;Les luminaires peuvent être commandés avec un interrupteur manuel dans la pièce ou de manière centralisée depuis un point central.;OUI;;
7.1.2;7. Gestion technique pour les foyers domestiques et les bâtiments;7.1 Gestion des points de consigne;Adaptation à partir d'’une pièce centrale;"Adaptation à partir d’une pièce centrale (par exemple poste de travail, Fonctionnement sur le web; les unités d’exploitation des pièces sont exclues). Les consignes peuvent être réglées à partir d'un point central. Il faut cependant que les options de réglage locales des consignes ne soient pas sélectionnées mécaniquement de manière fixe. Il est ainsi plus probable que les consignes seront réglées/réinitialisées, réduisant ainsi dans une certaine mesure la consommation d'énergie. Cela permet au système d’ajuster les systèmes techniques du bâtiment.";;OUI;
7.2.2;7. Gestion technique pour les foyers domestiques et les bâtiments;7.2 Gestion des temps de Fonctionnement;"Réglage individuel d'’après un horaire prédéfini; adaptation à partir d'’une pièce centrale; phases de pré-conditionnement variables";"Réglage individuel d'après un horaire prédéfini; adaptation à partir d’'une pièce centrale (par exemple poste de travail, Fonctionnement sur le web; les unités d’'exploitation des pièces sont exclues); phases de pré-conditionnement variables. Cette fonction permet une meilleure adaptation à la demande et ne maintient la plupart du temps l'installation en fonctionnement que lorsque cela est nécessaire.";;OUI;OUI
7.3.1;7. Gestion technique pour les foyers domestiques et les bâtiments;7.3 Détection des défauts des systèmes techniques des bâtiments et aide au diagnostic des ces défauts;Avec indication centralisée des défauts détectés et des alarmes;Les dérangements et avertissements sont remontés et signalés à un poste d’exploitation central accessible à l’exploitant. Le diagnostic dépend des capacités/disponibilités du personnel technique ou de l’exploitant. Nota : Cette fonction ne concerne pas l’efficacité des systèmes techniques mais uniquement leur état. Elle n’a pas pour objectif détecter les pertes d'efficacité des systèmes techniques et d’informer l'exploitant du bâtiment des possibilités d'amélioration de l'efficacité énergétique (cf. fonction 7.4).;OUI;;
7.4.2;7. Gestion technique pour les foyers domestiques et les bâtiments;7.4 Compte-rendu des informations concernant la consommation énergétique et les conditions intérieures;Analyse, évaluation de la performance, étalonnage;"Analyse, évaluation de la performance, étalonnage de l’environnement intérieur et de l’énergie. Le système suit, enregistre et analyse en continu, par zone fonctionnelle et à un pas de temps horaire, les données de production et de consommation énergétique des systèmes techniques du bâtiment. Ces données sont conservées à l'échelle mensuelle pendant cinq ans ; Les données de consommation et les informations de tendance permettent : • De situer l'efficacité énergétique du bâtiment par rapport à des valeurs de référence, correspondant aux données d'études énergétiques ou caractéristiques de chacun des systèmes techniques ; • Une détection précoce des modifications et des pertes d'efficacité des systèmes techniques et informent l'exploitant du bâtiment des possibilités d'amélioration de l'efficacité énergétique. Le système permet d’ajuster les systèmes techniques en conséquence. Des fonctions d'analyse et d'évaluation alliées à une appréciation des conditions énergétiques et environnementales en intérieur permettent de remédier à une augmentation de la consommation d'énergie de manière précoce et ciblée.";;;OUI
7.5.0;7. Gestion technique pour les foyers domestiques et les bâtiments;7.5 Production d'énergie locale et énergies renouvelables;"Génération non régulée en fonction de la disponibilité variable des sources d’énergies renouvelables et/ou du temps de production combinée de chaleur et d’électricité ; le surplus sera transféré dans le réseau";Cette fonction s’applique uniquement aux productions d’énergie interconnectées avec un réseau collectif de type smart grid. Le système ne tient pas compte de toutes les possibilités de production locale d'énergie et d'utilisation des sources d'énergie renouvelables. Celles-ci ne sont donc pas toutes exploitées à pleine capacité. Les systèmes de production d’énergie du site fonctionnent de manière autonome bien qu’il soit connectés à un smart grid.;OUI;;
7.6.1;7. Gestion technique pour les foyers domestiques et les bâtiments;7.6 Récupération des déperditions de chaleur et transfert de chaleur;Utilisation maîtrisée des déperditions de chaleur ou du transfert de chaleur (y compris le stockage/la consommation de l'énergie thermique stockée);Utilisation maîtrisée des déperditions de chaleur ou du transfert de chaleur (y compris le stockage/la consommation de l'’énergie thermique stockée). Cette fonction s’applique uniquement aux systèmes permettant de faire de la récupération d’énergie fatale. Cette fonction tient compte de l'écart temporel entre l'utilisation et la disponibilité de la chaleur fatale, ce qui permet de mieux exploiter et d'optimiser la chaleur fatale et le transfert de chaleur. Les systèmes de régulation devront piloter le stockage et le déstockage de l’énergie fatale captée afin d’en maximiser la récupération.;;OUI;OUI
7.7.0;7. Gestion technique pour les foyers domestiques et les bâtiments;7.7 Intégration dans un réseau intelligent;"Aucune harmonisation entre le réseau et les systèmes énergétiques du bâtiment ; le bâtiment est exploité indépendamment de la charge du réseau";Cette fonction permet l’adaptation du pilotage du bâtiments (par exemple via le délestage) en fonction de la charge des réseaux (électricité ou gaz) de distribution nationale. Cette fonction fait référence entre autres aux fonctionnalités Ecowatt ou de flexibilité électrique.;OUI;;
